start,end,verdict,max_val,r_peak_bool,angle
0,240,0,-0.07,1,58.49472547486365
240,480,0,-0.085,1,58.802588041636575
480,720,0,-0.01,1,57.28409429337225
